FIPS,State Name,State,Year,Overall Food Insecurity Rate,# of Food Insecure Persons Overall,Food Insecurity Rate among Black Persons (all ethnicities),Food Insecurity Rate among Hispanic Persons (any race),"Food Insecurity Rate among White, non-Hispanic Persons",SNAP Threshold in State,% FI ≤ SNAP Threshold,% FI > SNAP Threshold,Child Food Insecurity Rate,# of Food Insecure Children,% food insecure Children in HH w/HH Incomes Below 185 FPL,% food insecure Children in HH w/HH Incomes Above 185 FPL,Senior Food Insecurity Rate, # of Food Insecure Seniors ,Older Adult Food Insecurity Rate, # of Food Insecure Older Adults ,Cost Per Meal,Weighted weekly $ needed by FI,Weighted Annual Food Budget Shortfall
1,Alabama,AL,2019,16.10%,"788,250",27%,13%,12%,130%,50.30%,49.70%,21.20%,"229,880",76%,24%,9.40%,"105,776",15.60%,"105,533",$3.01 ,$16.96 ,"$405,611,000 "
1,Alabama,AL,2020,14.50%,"711,370",27%,14%,10%,130%,52.50%,47.50%,19.80%,"216,040",82%,18%,9.00%,"104,269",14.20%,"97,677",$3.13 ,$16.62 ,"$358,615,000 "
1,Alabama,AL,2021,14.80%,"746,550",26%,12%,10%,130%,40.50%,59.50%,18.30%,"204,830",77%,23%,8.90%,"103,567",14.40%,"100,289",$3.50 ,$20.36 ,"$461,137,000 "
1,Alabama,AL,2022,17.40%,"884,270",31%,18%,12%,130%,38.80%,61.20%,23.30%,"258,560",75%,25%,9.20%,"109,300",13.40%,"87,500",$3.91 ,$24.24 ,"$650,301,000 "
2,Alaska,AK,2019,11.90%,"86,970",18%,14%,9%,130%,48.70%,51.30%,16.10%,"28,850",72%,28%,6.70%,"8,609",10.70%,"9,576",$3.63 ,$20.43 ,"$53,905,000 "
2,Alaska,AK,2020,10.80%,"79,670",20%,15%,7%,130%,50.30%,49.70%,14.70%,"26,910",77%,23%,5.90%,"7,863",11.70%,"10,052",$3.81 ,$20.23 ,"$48,894,000 "
2,Alaska,AK,2021,10.70%,"78,260",19%,12%,8%,130%,39.70%,60.30%,12.80%,"22,960",73%,27%,8.40%,"12,149",8.00%,"6,184",$4.25 ,$24.77 ,"$58,797,000 "
2,Alaska,AK,2022,12.80%,"93,620",23%,19%,9%,130%,36.90%,63.10%,17.10%,"30,110",71%,29%,7.50%,"11,900",7.00%,"4,800",$4.70 ,$29.12 ,"$82,705,000 "
4,Arizona,AZ,2019,12.60%,"918,940",22%,17%,10%,185%,63.10%,36.90%,17.90%,"293,570",68%,32%,8.50%,"135,977",10.40%,"91,931",$3.03 ,$17.06 ,"$475,515,000 "
4,Arizona,AZ,2020,11.10%,"798,790",22%,17%,8%,185%,67.20%,32.80%,16.40%,"269,610",76%,24%,6.90%,"118,018",10.00%,"85,230",$3.07 ,$16.32 ,"$395,360,000 "
4,Arizona,AZ,2021,10.30%,"751,690",20%,14%,8%,185%,48.60%,51.40%,14.00%,"226,080",68%,32%,7.40%,"129,412",8.50%,"79,721",$3.30 ,$19.21 ,"$438,117,000 "
4,Arizona,AZ,2022,13.10%,"963,130",24%,19%,11%,185%,47.10%,52.90%,18.50%,"293,950",65%,35%,9.40%,"159,300",7.20%,"71,500",$3.68 ,$22.80 ,"$666,169,000 "
5,Arkansas,AR,2019,16.60%,"499,950",25%,19%,15%,130%,51.40%,48.60%,21.60%,"150,910",73%,27%,8.20%,"57,508",12.90%,"47,370",$2.73 ,$15.41 ,"$233,680,000 "
5,Arkansas,AR,2020,14.70%,"444,130",25%,19%,13%,130%,52.90%,47.10%,19.70%,"138,410",77%,23%,6.30%,"45,417",16.90%,"61,190",$2.80 ,$14.85 ,"$200,073,000 "
5,Arkansas,AR,2021,15.50%,"467,550",25%,16%,13%,130%,40.80%,59.20%,19.10%,"134,690",73%,27%,7.60%,"55,600",19.80%,"75,302",$3.18 ,$18.50 ,"$262,358,000 "
5,Arkansas,AR,2022,18.60%,"567,110",30%,22%,16%,130%,39.30%,60.70%,24.20%,"168,430",71%,29%,11.30%,"83,400",18.60%,"73,700",$3.55 ,$21.99 ,"$378,349,000 "
6,California,CA,2019,10.20%,"4,011,960",19%,15%,8%,200%,71.70%,28.30%,13.70%,"1,221,560",70%,30%,6.30%,"506,182",9.90%,"478,042",$3.26 ,$18.35 ,"$2,233,636,000 "
6,California,CA,2020,9.10%,"3,571,920",19%,16%,6%,200%,76.90%,23.10%,13.00%,"1,165,400",79%,21%,6.50%,"541,877",10.00%,"475,378",$3.45 ,$18.32 ,"$1,985,431,000 "
6,California,CA,2021,10.50%,"4,104,060",18%,13%,6%,200%,57.80%,42.20%,13.50%,"1,182,720",66%,34%,7.40%,"620,899",10.40%,"485,709",$3.67 ,$21.36 ,"$2,658,795,000 "
6,California,CA,2022,12.60%,"4,915,450",23%,19%,9%,200%,56.40%,43.60%,16.90%,"1,437,250",65%,35%,7.90%,"668,000",10.40%,"479,000",$4.05 ,$25.08 ,"$3,739,176,000 "
8,Colorado,CO,2019,9.80%,"566,440",12%,17%,8%,200%,60.50%,39.50%,12.10%,"151,810",71%,29%,9.30%,"105,267",3.50%,"25,386",$3.35 ,$18.91 ,"$324,827,000 "
8,Colorado,CO,2020,8.30%,"474,420",13%,18%,6%,200%,71.60%,28.40%,11.20%,"141,570",82%,18%,7.50%,"90,387",4.40%,"32,365",$3.36 ,$17.84 ,"$256,787,000 "
8,Colorado,CO,2021,9.20%,"533,650",14%,16%,6%,200%,51.70%,48.30%,10.50%,"129,900",71%,29%,7.40%,"102,243",8.20%,"55,579",$3.72 ,$21.64 ,"$350,359,000 "
8,Colorado,CO,2022,11.50%,"671,340",19%,21%,9%,200%,47.70%,52.30%,14.20%,"172,280",60%,40%,7.70%,"109,200",9.20%,"56,900",$4.13 ,$25.60 ,"$521,298,000 "
9,Connecticut,CT,2019,12.00%,"428,800",22%,25%,8%,185%,55.40%,44.60%,15.10%,"110,020",65%,35%,8.30%,"74,416",10.20%,"51,600",$3.39 ,$19.11 ,"$248,587,000 "
9,Connecticut,CT,2020,10.20%,"364,040",23%,25%,6%,185%,60.00%,40.00%,12.60%,"92,430",75%,25%,6.60%,"59,899",9.70%,"51,168",$3.60 ,$19.10 ,"$210,898,000 "
9,Connecticut,CT,2021,10.50%,"380,310",21%,22%,6%,200%,52.20%,47.80%,11.50%,"83,530",67%,33%,5.50%,"48,430",8.80%,"46,336",$3.84 ,$22.38 ,"$258,120,000 "
9,Connecticut,CT,2022,12.90%,"468,150",25%,27%,9%,200%,49.30%,50.70%,15.40%,"112,600",60%,40%,6.90%,"62,700",9.70%,"47,300",$4.27 ,$26.44 ,"$375,474,000 "
10,Delaware,DE,2019,11.70%,"114,190",18%,19%,9%,200%,56.80%,43.20%,16.60%,"33,790",65%,35%,6.50%,"16,194",9.70%,"11,935",$3.18 ,$17.90 ,"$62,002,000 "
10,Delaware,DE,2020,9.70%,"93,900",18%,19%,7%,200%,63.10%,36.90%,15.10%,"30,920",75%,25%,5.40%,"13,976",11.70%,"15,391",$3.32 ,$17.65 ,"$50,261,000 "
10,Delaware,DE,2021,9.90%,"99,530",18%,18%,8%,200%,51.50%,48.50%,14.40%,"30,040",72%,28%,6.00%,"17,724",14.90%,"18,079",$3.56 ,$20.73 ,"$62,582,000 "
10,Delaware,DE,2022,11.80%,"120,130",22%,25%,10%,200%,44.70%,55.30%,18.10%,"37,680",62%,38%,7.20%,"22,800",15.40%,"15,200",$3.96 ,$24.52 ,"$89,352,000 "
11,District of Columbia,DC,2019,10.00%,"70,480",19%,8%,2%,200%,69.70%,30.30%,15.30%,"19,630",62%,38%,13.50%,"16,116",7.80%,"5,102",$4.09 ,$23.04 ,"$49,250,000 "
11,District of Columbia,DC,2020,9.40%,"65,750",20%,11%,0%,200%,77.10%,22.90%,15.40%,"19,430",81%,19%,13.10%,"15,518",9.10%,"6,161",$4.16 ,$22.09 ,"$44,052,000 "
11,District of Columbia,DC,2021,10.30%,"68,900",19%,8%,NA,200%,61.40%,38.60%,14.20%,"17,890",69%,31%,11.20%,"14,263",10.30%,"6,481",$4.38 ,$25.52 ,"$53,343,000 "
11,District of Columbia,DC,2022,11.00%,"74,070",24%,15%,2%,200%,58.60%,41.40%,14.40%,"17,880",73%,27%,11.80%,"15,300",11.30%,"6,600",$4.88 ,$30.25 ,"$67,961,000 "
12,Florida,FL,2019,12.00%,"2,567,300",21%,12%,10%,200%,67.90%,32.10%,16.80%,"709,810",67%,33%,6.70%,"381,128",9.60%,"289,241",$3.28 ,$18.50 ,"$1,440,472,000 "
12,Florida,FL,2020,10.60%,"2,252,050",21%,13%,8%,200%,73.20%,26.80%,15.70%,"660,500",75%,25%,7.80%,"461,273",8.00%,"234,865",$3.39 ,$18.01 ,"$1,230,605,000 "
12,Florida,FL,2021,10.60%,"2,314,370",19%,10%,8%,200%,56.60%,43.40%,14.30%,"613,180",69%,31%,8.50%,"527,979",6.70%,"190,435",$3.75 ,$21.84 ,"$1,533,552,000 "
12,Florida,FL,2022,13.20%,"2,935,330",24%,16%,10%,200%,53.70%,46.30%,19.10%,"819,940",66%,34%,10.00%,"629,200",9.00%,"255,300",$4.13 ,$25.62 ,"$2,281,165,000 "
13,Georgia,GA,2019,12.00%,"1,279,310",18%,14%,9%,130%,45.90%,54.10%,15.00%,"376,660",70%,30%,8.30%,"174,449",9.70%,"126,798",$3.04 ,$17.13 ,"$664,862,000 "
13,Georgia,GA,2020,10.90%,"1,141,880",19%,15%,7%,130%,49.50%,50.50%,14.40%,"360,210",79%,21%,9.00%,"196,729",10.90%,"143,818",$3.19 ,$16.91 ,"$585,596,000 "
13,Georgia,GA,2021,10.70%,"1,156,660",17%,12%,7%,130%,37.10%,62.90%,13.30%,"335,720",71%,29%,8.00%,"171,536",8.50%,"127,441",$3.52 ,$20.53 ,"$720,132,000 "
13,Georgia,GA,2022,13.10%,"1,426,880",21%,18%,10%,130%,32.50%,67.50%,18.40%,"461,720",71%,29%,8.50%,"190,800",9.00%,"140,200",$3.95 ,$24.47 ,"$1,059,257,000 "
15,Hawaii,HI,2019,11.50%,"162,220",NA,17%,9%,200%,47.80%,52.20%,18.50%,"55,670",48%,52%,4.20%,"14,637",7.00%,"11,972",$3.50 ,$19.71 ,"$97,005,000 "
15,Hawaii,HI,2020,9.60%,"136,190",NA,19%,8%,200%,55.50%,44.50%,16.60%,"50,180",55%,44%,3.60%,"12,650",6.30%,"10,848",$3.79 ,$20.12 ,"$83,117,000 "
15,Hawaii,HI,2021,11.90%,"170,970",NA,16%,8%,200%,45.00%,55.00%,17.80%,"54,180",51%,49%,3.70%,"13,482",7.90%,"13,218",$4.61 ,$26.84 ,"$139,174,000 "
15,Hawaii,HI,2022,13.10%,"188,280",NA,23%,10%,200%,45.60%,54.40%,20.70%,"61,440",53%,47%,5.20%,"20,300",8.40%,"12,900",$5.01 ,$31.08 ,"$177,497,000 "
16,Idaho,ID,2019,10.00%,"179,580",NA,16%,10%,130%,47.40%,52.60%,11.10%,"49,830",75%,25%,4.30%,"17,254",9.00%,"17,757",$3.07 ,$17.29 ,"$94,193,000 "
16,Idaho,ID,2020,8.70%,"152,890",NA,17%,8%,130%,51.70%,48.30%,10.50%,"46,800",85%,15%,4.60%,"18,403",9.30%,"18,791",$3.33 ,$17.67 ,"$81,955,000 "
16,Idaho,ID,2021,8.20%,"156,640",NA,15%,8%,130%,36.50%,63.50%,8.60%,"40,410",82%,18%,5.40%,"22,517",9.10%,"20,145",$3.79 ,$22.05 ,"$104,775,000 "
16,Idaho,ID,2022,11.40%,"220,990",NA,21%,10%,130%,30.60%,69.40%,14.50%,"67,590",67%,33%,7.30%,"33,700",8.80%,"19,100",$4.19 ,$25.99 ,"$174,214,000 "
17,Illinois,IL,2019,9.60%,"1,211,410",19%,13%,8%,165%,58.10%,41.90%,12.00%,"337,120",70%,30%,7.00%,"193,601",8.90%,"151,165",$3.00 ,$16.88 ,"$620,329,000 "
17,Illinois,IL,2020,8.30%,"1,052,040",19%,14%,6%,165%,64.50%,35.50%,11.30%,"323,740",79%,21%,7.10%,"208,914",10.30%,"157,902",$3.19 ,$16.92 ,"$539,852,000 "
17,Illinois,IL,2021,9.50%,"1,201,290",19%,12%,7%,165%,46.10%,53.90%,11.30%,"315,330",73%,27%,7.60%,"222,201",8.70%,"131,646",$3.58 ,$20.84 ,"$759,254,000 "
17,Illinois,IL,2022,12.00%,"1,506,320",25%,19%,9%,165%,42.30%,57.70%,15.70%,"426,600",68%,32%,7.80%,"219,300",10.50%,"171,600",$3.98 ,$24.66 ,"$1,126,688,000 "
18,Indiana,IN,2019,12.40%,"834,530",24%,18%,12%,130%,49.90%,50.10%,15.20%,"238,560",74%,26%,8.00%,"119,003",12.00%,"108,195",$2.74 ,$15.43 ,"$390,646,000 "
18,Indiana,IN,2020,10.80%,"726,020",23%,18%,10%,130%,53.70%,46.30%,14.40%,"225,750",83%,17%,6.60%,"94,495",10.40%,"91,586",$2.84 ,$15.09 ,"$332,230,000 "
18,Indiana,IN,2021,10.70%,"730,480",21%,16%,10%,130%,39.00%,61.00%,12.90%,"204,290",77%,23%,6.40%,"93,236",10.10%,"87,469",$3.17 ,$18.48 ,"$409,377,000 "
18,Indiana,IN,2022,13.90%,"950,220",26%,22%,12%,130%,35.10%,64.90%,18.20%,"285,070",70%,30%,8.00%,"124,700",14.60%,"122,400",$3.54 ,$21.97 ,"$633,214,000 "
19,Iowa,IA,2019,9.40%,"297,800",25%,15%,8%,160%,53.00%,47.00%,13.10%,"94,260",68%,32%,5.20%,"40,876",6.00%,"20,965",$2.88 ,$16.24 ,"$146,743,000 "
19,Iowa,IA,2020,7.30%,"229,500",25%,15%,6%,160%,61.50%,38.50%,11.00%,"80,160",75%,25%,6.20%,"48,113",8.20%,"28,417",$3.05 ,$16.16 ,"$112,519,000 "
19,Iowa,IA,2021,7.50%,"238,290",NA,12%,7%,160%,46.10%,53.90%,9.40%,"68,990",72%,28%,4.30%,"30,449",7.00%,"28,565",$3.44 ,$20.02 ,"$144,714,000 "
19,Iowa,IA,2022,10.80%,"344,550",NA,18%,9%,160%,40.40%,59.60%,15.40%,"110,500",63%,37%,5.70%,"40,100",7.10%,"31,200",$3.80 ,$23.53 ,"$245,958,000 "
20,Kansas,KS,2019,12.10%,"351,090",24%,17%,11%,130%,41.10%,58.90%,17.20%,"120,290",61%,39%,8.80%,"56,169",10.70%,"35,375",$2.96 ,$16.66 ,"$177,384,000 "
20,Kansas,KS,2020,9.70%,"281,520",24%,18%,8%,130%,45.60%,54.40%,14.60%,"102,760",71%,29%,6.50%,"42,373",11.10%,"36,002",$3.04 ,$16.12 ,"$137,666,000 "
20,Kansas,KS,2021,9.90%,"291,430",24%,15%,8%,130%,34.10%,65.90%,13.40%,"93,960",65%,35%,4.60%,"31,203",7.90%,"25,197",$3.45 ,$20.11 ,"$177,792,000 "
20,Kansas,KS,2022,13.10%,"383,910",28%,22%,11%,130%,32.60%,67.40%,19.10%,"131,430",63%,37%,5.90%,"39,700",4.90%,"15,800",$3.86 ,$23.94 ,"$278,743,000 "
21,Kentucky,KY,2019,14.40%,"644,540",21%,19%,15%,200%,69.00%,31.00%,17.70%,"176,990",70%,30%,10.40%,"104,645",16.90%,"95,170",$2.75 ,$15.49 ,"$302,792,000 "
21,Kentucky,KY,2020,12.90%,"575,300",22%,18%,12%,200%,74.70%,25.30%,16.10%,"162,100",79%,21%,10.80%,"109,403",15.50%,"92,741",$2.79 ,$14.81 ,"$258,458,000 "
21,Kentucky,KY,2021,12.90%,"579,770",21%,15%,12%,200%,64.50%,35.50%,15.20%,"154,290",73%,27%,6.90%,"76,479",14.60%,"77,726",$3.11 ,$18.12 ,"$318,670,000 "
21,Kentucky,KY,2022,15.70%,"710,000",26%,21%,15%,200%,62.30%,37.70%,20.70%,"208,330",70%,30%,7.70%,"88,800",13.50%,"67,600",$3.49 ,$21.61 ,"$465,370,000 "
22,Louisiana,LA,2019,15.50%,"718,360",23%,17%,11%,130%,56.10%,43.90%,23.00%,"249,520",68%,32%,9.90%,"101,842",11.30%,"66,657",$2.97 ,$16.74 ,"$364,715,000 "
22,Louisiana,LA,2020,13.70%,"640,540",23%,18%,9%,130%,58.30%,41.70%,21.50%,"236,010",77%,23%,12.00%,"127,073",11.10%,"60,219",$3.03 ,$16.11 ,"$312,959,000 "
22,Louisiana,LA,2021,14.80%,"683,110",22%,15%,10%,130%,46.50%,53.50%,21.60%,"234,120",73%,27%,13.40%,"147,812",8.40%,"43,569",$3.39 ,$19.77 ,"$409,582,000 "
22,Louisiana,LA,2022,16.90%,"777,140",27%,22%,13%,130%,42.10%,57.90%,25.30%,"267,950",74%,26%,14.00%,"148,500",11.80%,"61,800",$3.79 ,$23.47 ,"$553,180,000 "
23,Maine,ME,2019,12.40%,"166,910",NA,NA,13%,185%,56.90%,43.10%,18.00%,"44,270",60%,40%,6.00%,"23,685",7.50%,"13,566",$3.71 ,$20.90 ,"$105,832,000 "
23,Maine,ME,2020,10.40%,"139,410",NA,NA,10%,185%,63.70%,36.30%,15.90%,"39,990",68%,32%,5.20%,"21,203",4.20%,"7,460",$3.68 ,$19.52 ,"$82,539,000 "
23,Maine,ME,2021,10.50%,"144,290",NA,NA,11%,185%,44.30%,55.70%,14.60%,"36,490",58%,42%,4.30%,"19,080",5.30%,"8,215",$3.83 ,$22.30 ,"$97,584,000 "
23,Maine,ME,2022,13.00%,"179,680",NA,NA,13%,200%,48.50%,51.50%,18.70%,"45,790",59%,41%,3.70%,"16,100",14.90%,"24,000",$4.19 ,$25.98 ,"$141,588,000 "
24,Maryland,MD,2019,10.60%,"640,180",16%,11%,7%,200%,57.80%,42.20%,14.40%,"192,230",61%,39%,5.10%,"68,162",4.90%,"37,251",$3.24 ,$18.25 ,"$354,460,000 "
24,Maryland,MD,2020,9.00%,"543,650",17%,11%,5%,200%,64.10%,35.90%,12.50%,"167,020",68%,32%,5.70%,"77,438",6.50%,"50,574",$3.42 ,$18.13 ,"$298,916,000 "
24,Maryland,MD,2021,9.70%,"600,970",16%,9%,5%,200%,52.30%,47.70%,12.10%,"164,160",66%,34%,7.20%,"100,554",9.80%,"77,094",$3.76 ,$21.89 ,"$399,003,000 "
24,Maryland,MD,2022,12.20%,"749,260",21%,15%,7%,200%,48.70%,51.30%,16.40%,"221,210",59%,41%,6.80%,"95,300",11.40%,"96,800",$4.16 ,$25.79 ,"$586,058,000 "
25,Massachusetts,MA,2019,8.20%,"566,930",18%,17%,7%,200%,64.00%,36.00%,9.00%,"121,560",76%,24%,5.50%,"86,935",7.80%,"75,228",$3.69 ,$20.77 ,"$357,197,000 "
25,Massachusetts,MA,2020,7.20%,"497,250",20%,19%,5%,200%,72.80%,27.20%,8.80%,"119,330",84%,16%,5.30%,"86,887",7.60%,"71,699",$3.81 ,$20.23 ,"$305,162,000 "
25,Massachusetts,MA,2021,8.10%,"564,030",20%,16%,5%,200%,57.90%,42.10%,8.40%,"113,960",78%,22%,6.40%,"110,664",9.00%,"80,204",$4.00 ,$23.31 ,"$398,865,000 "
25,Massachusetts,MA,2022,10.20%,"713,870",23%,21%,8%,200%,53.10%,46.90%,12.70%,"169,800",65%,36%,7.10%,"125,200",9.40%,"83,200",$4.41 ,$27.35 ,"$592,150,000 "
26,Michigan,MI,2019,13.00%,"1,299,020",26%,19%,12%,200%,65.10%,34.90%,14.10%,"302,530",72%,28%,5.80%,"145,409",9.60%,"123,039",$2.93 ,$16.52 ,"$650,777,000 "
26,Michigan,MI,2020,11.50%,"1,150,150",26%,20%,9%,200%,73.20%,26.80%,13.70%,"297,150",83%,17%,5.30%,"131,881",10.50%,"139,127",$3.01 ,$15.96 ,"$556,819,000 "
26,Michigan,MI,2021,11.70%,"1,177,820",26%,16%,10%,200%,58.20%,41.80%,13.10%,"282,320",78%,22%,6.00%,"152,554",8.70%,"108,312",$3.34 ,$19.48 ,"$696,000,000 "
26,Michigan,MI,2022,14.20%,"1,423,000",31%,19%,12%,200%,55.80%,44.20%,17.90%,"378,040",72%,28%,6.50%,"167,700",9.60%,"117,300",$3.74 ,$23.15 ,"$999,258,000 "
27,Minnesota,MN,2019,7.70%,"432,170",26%,21%,6%,165%,58.60%,41.40%,10.90%,"141,910",74%,26%,2.90%,"34,962",7.70%,"60,106",$3.16 ,$17.80 ,"$233,398,000 "
27,Minnesota,MN,2020,6.00%,"338,000",25%,19%,4%,165%,68.80%,31.20%,9.30%,"121,140",91%,9%,3.80%,"45,519",5.80%,"47,228",$3.33 ,$17.69 ,"$181,349,000 "
27,Minnesota,MN,2021,6.80%,"390,000",25%,17%,5%,200%,59.50%,40.50%,9.20%,"120,650",86%,14%,3.80%,"47,362",5.30%,"41,669",$3.80 ,$22.12 ,"$261,716,000 "
27,Minnesota,MN,2022,9.40%,"537,890",29%,23%,7%,200%,52.60%,47.40%,14.20%,"183,480",66%,34%,3.40%,"44,600",4.70%,"32,500",$4.23 ,$26.20 ,"$427,403,000 "
28,Mississippi,MS,2019,18.50%,"550,370",28%,18%,13%,130%,54.20%,45.80%,22.40%,"156,120",74%,26%,11.70%,"80,381",13.40%,"47,483",$2.90 ,$16.36 ,"$273,100,000 "
28,Mississippi,MS,2020,16.20%,"483,700",27%,22%,11%,130%,54.60%,45.40%,20.40%,"144,320",80%,20%,12.20%,"81,318",11.80%,"43,617",$2.97 ,$15.77 ,"$231,420,000 "
28,Mississippi,MS,2021,16.30%,"480,600",26%,20%,11%,130%,41.60%,58.40%,18.80%,"130,240",73%,27%,12.60%,"83,993",13.20%,"51,561",$3.28 ,$19.12 ,"$278,685,000 "
28,Mississippi,MS,2022,18.80%,"553,610",30%,27%,14%,130%,39.10%,60.90%,23.60%,"159,370",75%,25%,13.00%,"93,400",16.40%,"57,400",$3.69 ,$22.90 ,"$384,543,000 "
29,Missouri,MO,2019,13.20%,"809,680",27%,15%,11%,130%,45.70%,54.30%,15.20%,"208,900",66%,34%,7.30%,"101,919",12.10%,"101,043",$2.96 ,$16.69 ,"$409,972,000 "
29,Missouri,MO,2020,11.40%,"695,830",27%,13%,9%,130%,49.40%,50.60%,14.10%,"194,070",77%,23%,7.30%,"95,785",13.40%,"118,175",$3.07 ,$16.31 ,"$344,295,000 "
29,Missouri,MO,2021,11.60%,"715,170",26%,12%,10%,130%,36.10%,63.90%,12.80%,"177,320",72%,28%,7.90%,"110,253",12.60%,"110,406",$3.45 ,$20.12 ,"$436,393,000 "
29,Missouri,MO,2022,15.00%,"924,180",31%,19%,12%,130%,33.60%,66.40%,18.70%,"254,720",66%,34%,7.80%,"113,300",8.20%,"74,400",$3.84 ,$23.83 ,"$668,008,000 "
30,Montana,MT,2019,10.40%,"111,080",NA,14%,9%,200%,60.70%,39.30%,15.70%,"35,500",61%,39%,4.40%,"12,595",6.50%,"8,169",$2.95 ,$16.63 ,"$56,049,000 "
30,Montana,MT,2020,8.50%,"90,220",NA,16%,7%,200%,72.60%,27.40%,13.60%,"31,010",75%,25%,3.60%,"10,195",8.50%,"10,547",$2.98 ,$15.80 ,"$43,238,000 "
30,Montana,MT,2021,8.50%,"93,720",NA,13%,8%,200%,56.40%,43.60%,12.10%,"28,410",66%,34%,4.30%,"12,825",8.70%,"9,971",$3.39 ,$19.76 ,"$56,173,000 "
30,Montana,MT,2022,11.70%,"130,980",NA,19%,10%,200%,52.00%,48.00%,16.90%,"39,580",61%,39%,5.70%,"17,900",8.60%,"9,500",$3.83 ,$23.73 ,"$94,273,000 "
31,Nebraska,NE,2019,11.70%,"225,580",31%,22%,10%,130%,43.00%,57.00%,15.40%,"73,110",63%,37%,4.60%,"19,345",14.60%,"32,601",$2.90 ,$16.34 ,"$111,822,000 "
31,Nebraska,NE,2020,9.80%,"188,080",31%,22%,8%,165%,60.20%,39.80%,13.50%,"64,190",72%,28%,4.70%,"19,928",14.00%,"32,113",$2.97 ,$15.77 ,"$89,964,000 "
31,Nebraska,NE,2021,10.00%,"195,670",30%,20%,8%,165%,43.90%,56.10%,12.00%,"58,070",68%,32%,4.70%,"20,236",13.10%,"31,341",$3.38 ,$19.66 ,"$116,694,000 "
31,Nebraska,NE,2022,13.60%,"267,960",35%,28%,11%,165%,41.20%,58.80%,19.20%,"91,240",60%,40%,4.50%,"20,200",13.00%,"31,000",$3.71 ,$23.02 ,"$187,107,000 "
32,Nevada,NV,2019,12.10%,"373,370",20%,16%,10%,200%,66.90%,33.10%,18.20%,"125,870",61%,39%,8.90%,"64,039",10.90%,"38,806",$3.11 ,$17.54 ,"$198,678,000 "
32,Nevada,NV,2020,11.00%,"332,040",22%,17%,8%,200%,71.20%,28.80%,16.90%,"116,360",69%,31%,6.20%,"45,111",10.80%,"40,603",$3.23 ,$17.13 ,"$172,562,000 "
32,Nevada,NV,2021,13.00%,"409,540",21%,14%,9%,200%,56.80%,43.20%,18.50%,"129,350",65%,35%,4.60%,"35,255",11.30%,"43,662",$3.50 ,$20.37 ,"$253,036,000 "
32,Nevada,NV,2022,14.40%,"456,700",26%,20%,12%,200%,53.40%,46.60%,20.90%,"144,290",64%,36%,7.10%,"54,600",12.40%,"49,700",$3.88 ,$24.07 ,"$333,490,000 "
33,New Hampshire,NH,2019,8.80%,"119,990",10%,23%,9%,185%,46.00%,54.00%,10.80%,"27,770",55%,45%,3.20%,"10,363",4.80%,"10,189",$3.48 ,$19.63 ,"$71,451,000 "
33,New Hampshire,NH,2020,7.00%,"94,450",10%,24%,6%,185%,53.30%,46.70%,9.50%,"24,360",65%,35%,3.00%,"9,785",4.20%,"9,566",$3.58 ,$18.98 ,"$54,390,000 "
33,New Hampshire,NH,2021,6.80%,"93,940",NA,22%,7%,185%,37.80%,62.20%,8.50%,"21,670",63%,37%,2.90%,"11,279",4.00%,"7,809",$3.71 ,$21.62 ,"$61,604,000 "
33,New Hampshire,NH,2022,9.70%,"135,200",NA,28%,9%,200%,41.30%,58.70%,13.40%,"33,720",47%,53%,3.50%,"15,000",5.20%,"8,900",$4.11 ,$25.46 ,"$104,419,000 "
34,New Jersey,NJ,2019,8.60%,"762,530",16%,17%,5%,185%,62.00%,38.00%,9.90%,"191,890",81%,19%,6.40%,"130,935",7.50%,"98,669",$3.41 ,$19.23 ,"$444,703,000 "
34,New Jersey,NJ,2020,7.40%,"657,320",17%,17%,3%,185%,69.70%,30.30%,9.00%,"175,830",88%,12%,6.10%,"125,178",9.70%,"123,063",$3.60 ,$19.13 ,"$381,360,000 "
34,New Jersey,NJ,2021,8.80%,"812,440",16%,15%,4%,185%,49.20%,50.80%,9.80%,"197,280",80%,19%,6.40%,"134,666",10.50%,"129,873",$3.77 ,$21.96 ,"$541,297,000 "
34,New Jersey,NJ,2022,10.70%,"994,800",21%,20%,6%,185%,44.90%,55.10%,13.20%,"263,260",72%,28%,7.40%,"160,700",7.40%,"90,400",$4.19 ,$25.96 ,"$783,284,000 "
35,New Mexico,NM,2019,14.20%,"298,030",22%,16%,10%,165%,70.30%,29.70%,22.10%,"104,560",68%,32%,12.40%,"63,718",12.50%,"32,592",$2.95 ,$16.62 ,"$150,238,000 "
35,New Mexico,NM,2020,12.90%,"271,210",21%,16%,8%,165%,73.60%,26.40%,20.50%,"99,100",76%,24%,8.40%,"43,841",12.30%,"32,164",$3.02 ,$16.01 ,"$131,722,000 "
35,New Mexico,NM,2021,13.50%,"285,220",21%,14%,9%,165%,56.70%,43.30%,19.20%,"90,490",66%,34%,5.90%,"29,383",13.00%,"32,486",$3.35 ,$19.52 ,"$168,875,000 "
35,New Mexico,NM,2022,15.20%,"321,370",27%,20%,11%,165%,55.10%,44.90%,22.00%,"100,420",70%,30%,7.40%,"37,500",12.50%,"32,200",$3.71 ,$23.02 ,"$224,401,000 "
36,New York,NY,2019,10.70%,"2,090,550",18%,19%,7%,200%,69.40%,30.60%,15.70%,"630,860",74%,26%,7.30%,"341,974",9.80%,"245,816",$3.31 ,$18.65 ,"$1,182,879,000 "
36,New York,NY,2020,9.60%,"1,882,580",19%,19%,5%,200%,77.40%,22.60%,14.60%,"596,060",85%,15%,7.60%,"368,284",10.50%,"251,599",$3.52 ,$18.70 ,"$1,067,592,000 "
36,New York,NY,2021,11.40%,"2,265,160",18%,17%,6%,200%,60.50%,39.50%,15.40%,"633,790",77%,23%,6.60%,"311,500",10.80%,"256,455",$3.78 ,$22.04 ,"$1,514,465,000 "
36,New York,NY,2022,13.40%,"2,638,700",23%,24%,8%,200%,58.40%,41.60%,18.80%,"747,520",77%,23%,8.20%,"382,700",12.60%,"312,100",$4.20 ,$26.02 ,"$2,082,568,000 "
37,North Carolina,NC,2019,13.50%,"1,417,440",23%,20%,10%,200%,66.60%,33.40%,18.20%,"417,240",75%,25%,7.50%,"177,967",9.00%,"111,538",$2.99 ,$16.86 ,"$724,977,000 "
37,North Carolina,NC,2020,12.00%,"1,245,870",23%,20%,8%,200%,72.80%,27.20%,17.10%,"394,300",81%,19%,7.70%,"192,990",11.10%,"139,586",$3.13 ,$16.61 ,"$627,626,000 "
37,North Carolina,NC,2021,11.80%,"1,248,880",21%,17%,8%,200%,58.70%,41.30%,15.40%,"353,450",75%,25%,7.20%,"193,675",10.60%,"141,474",$3.51 ,$20.45 ,"$774,541,000 "
37,North Carolina,NC,2022,14.00%,"1,493,870",26%,22%,10%,200%,54.70%,45.30%,19.60%,"448,460",72%,28%,7.20%,"191,100",9.70%,"137,300",$3.91 ,$24.26 ,"$1,099,431,000 "
38,North Dakota,ND,2019,6.70%,"51,380",NA,NA,5%,200%,61.50%,38.50%,9.40%,"16,580",70%,30%,3.30%,"5,671",6.70%,"5,132",$3.18 ,$17.90 ,"$27,899,000 "
38,North Dakota,ND,2020,4.80%,"36,130",NA,NA,4%,200%,76.40%,23.60%,8.10%,"14,490",78%,22%,2.90%,"5,058",7.40%,"5,923",$3.06 ,$16.26 ,"$17,821,000 "
38,North Dakota,ND,2021,5.50%,"42,290",NA,NA,4%,200%,61.50%,38.50%,7.50%,"13,690",78%,22%,2.80%,"4,876",6.20%,"4,906",$3.43 ,$20.00 ,"$25,658,000 "
38,North Dakota,ND,2022,8.50%,"66,310",NA,NA,7%,200%,48.70%,51.30%,13.50%,"24,350",55%,45%,3.00%,"5,400",4.40%,"3,200",$3.84 ,$23.78 ,"$47,834,000 "
39,Ohio,OH,2019,13.20%,"1,547,110",25%,21%,12%,130%,49.20%,50.80%,17.40%,"447,350",72%,28%,7.20%,"203,026",10.80%,"167,983",$2.86 ,$16.14 ,"$757,327,000 "
39,Ohio,OH,2020,11.60%,"1,351,090",25%,20%,10%,130%,53.10%,46.90%,15.90%,"412,670",81%,19%,5.60%,"165,699",10.20%,"156,579",$3.01 ,$15.96 ,"$654,099,000 "
39,Ohio,OH,2021,11.80%,"1,391,290",25%,18%,10%,130%,39.40%,60.60%,14.80%,"386,430",75%,25%,4.90%,"148,693",11.60%,"166,353",$3.40 ,$19.80 ,"$835,411,000 "
39,Ohio,OH,2022,14.10%,"1,653,610",29%,25%,12%,130%,36.20%,63.80%,19.80%,"505,430",69%,31%,6.50%,"198,600",10.60%,"143,800",$3.78 ,$23.41 ,"$1,174,406,000 "
40,Oklahoma,OK,2019,14.70%,"583,570",24%,16%,13%,130%,47.20%,52.80%,20.80%,"197,690",66%,34%,8.30%,"72,624",15.70%,"73,797",$2.89 ,$16.28 ,"$288,155,000 "
40,Oklahoma,OK,2020,13.00%,"514,990",24%,17%,11%,130%,49.20%,50.80%,19.20%,"183,720",73%,27%,8.10%,"69,828",14.60%,"68,790",$2.99 ,$15.90 ,"$248,310,000 "
40,Oklahoma,OK,2021,14.10%,"561,640",25%,14%,11%,130%,37.80%,62.20%,19.10%,"182,930",65%,35%,9.40%,"81,019",14.70%,"68,004",$3.37 ,$19.62 ,"$334,213,000 "
40,Oklahoma,OK,2022,16.70%,"672,170",29%,20%,14%,130%,35.20%,64.80%,23.50%,"223,890",66%,34%,9.90%,"88,700",14.10%,"62,100",$3.77 ,$23.36 ,"$476,191,000 "
41,Oregon,OR,2019,11.50%,"486,200",26%,21%,11%,185%,60.30%,39.70%,14.60%,"126,350",63%,37%,4.00%,"39,973",8.10%,"44,255",$3.13 ,$17.63 ,"$260,033,000 "
41,Oregon,OR,2020,9.80%,"407,840",27%,21%,9%,200%,74.90%,25.10%,13.20%,"114,460",80%,20%,4.50%,"46,137",7.40%,"39,482",$3.32 ,$17.63 ,"$218,100,000 "
41,Oregon,OR,2021,10.50%,"447,260",24%,17%,9%,200%,58.40%,41.60%,12.40%,"106,470",74%,26%,6.90%,"71,836",6.30%,"30,905",$3.72 ,$21.64 ,"$293,564,000 "
41,Oregon,OR,2022,13.10%,"554,550",30%,23%,12%,200%,55.30%,44.70%,17.30%,"144,210",64%,36%,7.40%,"78,500",10.50%,"51,900",$4.19 ,$25.99 ,"$437,114,000 "
42,Pennsylvania,PA,2019,10.60%,"1,353,730",23%,20%,9%,160%,56.60%,43.40%,14.70%,"385,880",71%,29%,6.20%,"200,016",9.80%,"147,659",$3.17 ,$17.87 ,"$733,806,000 "
42,Pennsylvania,PA,2020,8.90%,"1,136,400",22%,21%,7%,160%,60.80%,0.392,0.131,"347,720",82.00%,18.00%,5.00%,"162,142",7.20%,"110,994",$3.36 ,$17.82 ,"$614,301,000 "
42,Pennsylvania,PA,2021,9.40%,"1,219,130",22%,19%,7%,200%,54.20%,0.458,0.122,"325,170",77.00%,23.00%,4.70%,"158,297",6.40%,"101,570",$3.65 ,$21.23 ,"$785,193,000 "
42,Pennsylvania,PA,2022,11.90%,"1,538,100",27%,25%,9%,200%,51.40%,48.60%,16.60%,"436,250",69.00%,31.00%,6.60%,"227,100",7.30%,"117,500",$4.05 ,$25.08 ,"$1,170,030,000 "
44,Rhode Island,RI,2019,9.50%,"101,100",20%,19%,9%,185%,58.80%,0.412,0.141,"28,730",73.00%,27.00%,5.30%,"13,817",13.80%,"17,480",$3.42 ,$19.28 ,"$59,135,000 "
44,Rhode Island,RI,2020,8.40%,"88,550",20%,18%,6%,185%,65.20%,0.348,0.13,"26,750",81.00%,19.00%,6.00%,"15,581",11.70%,"15,648",$3.62 ,$19.21 ,"$51,594,000 "
44,Rhode Island,RI,2021,9.30%,"102,130",18%,15%,7%,185%,48.40%,0.516,0.129,"26,860",76.00%,24.00%,5.20%,"13,713",8.60%,"12,267",$3.87 ,$22.55 ,"$69,859,000 "
44,Rhode Island,RI,2022,10.90%,"118,890",22%,21%,9%,185%,42.90%,57.10%,14.70%,"29,770",66.00%,34.00%,4.10%,"11,100",8.70%,"11,700",$4.24 ,$26.25 ,"$94,670,000 "
45,South Carolina,SC,2019,10.80%,"555,630",18%,14%,9%,130%,54.50%,0.455,0.146,"162,780",66.00%,34.00%,8.50%,"108,639",11.70%,"79,093",$2.94 ,$16.57 ,"$279,337,000 "
45,South Carolina,SC,2020,9.60%,"489,510",19%,14%,7%,130%,57.80%,0.422,0.138,"153,330",74.00%,26.00%,9.30%,"122,908",10.80%,"70,182",$3.09 ,$16.39 ,"$243,334,000 "
45,South Carolina,SC,2021,9.90%,"515,350",19%,11%,7%,130%,43.30%,0.567,0.126,"141,110",68.00%,32.00%,10.40%,"142,043",12.00%,"79,323",$3.41 ,$19.88 ,"$310,808,000 "
45,South Carolina,SC,2022,12.80%,"678,710",24%,18%,9%,130%,37.40%,62.60%,17.70%,"197,310",66.00%,34.00%,9.80%,"137,600",14.70%,"98,900",$3.80 ,$23.52 ,"$484,311,000 "
46,South Dakota,SD,2019,10.30%,"91,510",NA,12%,8%,130%,46.30%,0.537,0.153,"32,860",67.00%,33.00%,5.00%,"10,320",7.80%,"7,538",$3.06 ,$17.23 ,"$47,824,000 "
46,South Dakota,SD,2020,8.50%,"74,850",NA,13%,7%,130%,51.00%,0.49,0.135,"29,070",76.00%,24.00%,5.00%,"10,466",9.40%,"9,715",$3.12 ,$16.56 ,"$37,591,000 "
46,South Dakota,SD,2021,8.10%,"72,900",NA,11%,7%,130%,38.70%,0.613,0.112,"24,750",67.00%,33.00%,3.40%,"6,703",10.60%,"11,995",$3.57 ,$20.78 ,"$45,943,000 "
46,South Dakota,SD,2022,11.70%,"106,170",NA,18%,9%,130%,34.90%,65.10%,17.70%,"38,780",62.00%,38.00%,3.60%,"7,300",10.40%,"11,300",$3.94 ,$24.42 ,"$78,632,000 "
47,Tennessee,TN,2019,13.30%,"905,090",22%,22%,12%,130%,51.30%,0.487,0.157,"237,510",72.00%,28.00%,6.50%,"100,653",14.60%,"134,778",$3.07 ,$17.33 ,"$475,763,000 "
47,Tennessee,TN,2020,11.90%,"809,170",23%,21%,10%,130%,55.70%,0.443,0.155,"233,620",82.00%,18.00%,6.80%,"108,158",12.50%,"113,821",$3.17 ,$16.85 ,"$413,604,000 "
47,Tennessee,TN,2021,11.50%,"800,970",21%,17%,10%,130%,39.10%,0.609,0.128,"197,490",78.00%,22.00%,6.90%,"109,485",11.10%,"100,995",$3.53 ,$20.58 ,"$499,905,000 "
47,Tennessee,TN,2022,14%,"984,430",26%,23%,12%,130%,35.30%,64.70%,17.90%,"274,320",74.00%,26.00%,8.40%,"137,800",11.90%,"102,800",$3.97 ,$24.59 ,"$734,362,000 "
48,Texas,TX,2019,14.10%,"4,092,850",22%,17%,9%,165%,61.80%,0.382,0.198,"1,462,920",67.00%,33.00%,10.40%,"541,147",11.60%,"404,662",$2.68 ,$15.08 ,"$1,872,381,000 "
48,Texas,TX,2020,13%,"3,720,710",24%,19%,7%,165%,64.50%,0.355,0.189,"1,395,890",74.00%,26.00%,9.00%,"474,937",11.80%,"406,060",$2.76 ,$14.63 ,"$1,651,298,000 "
48,Texas,TX,2021,13.70%,"4,057,910",23%,16%,8%,165%,47.60%,0.524,0.181,"1,348,600",65.00%,35.00%,8.50%,"454,896",14.00%,"491,124",$3.11 ,$18.12 ,"$2,230,427,000 "
48,Texas,TX,2022,16%,"4,919,210",28%,23%,10%,165%,45.30%,54.70%,22.80%,"1,697,870",65.00%,35.00%,9.80%,"546,800",15.40%,"551,600",$3.45 ,$21.36 ,"$3,187,674,000 "
49,Utah,UT,2019,11%,"355,550",NA,17%,10%,130%,36.80%,0.632,0.126,"116,770",53.00%,47.00%,6.60%,"34,514",10.00%,"30,250",$2.94 ,$16.56 ,"$178,573,000 "
49,Utah,UT,2020,9%,"288,970",NA,19%,8%,130%,40.80%,0.592,0.113,"104,840",65.00%,35.00%,3.50%,"17,310",9.00%,"29,398",$2.99 ,$15.86 ,"$139,022,000 "
49,Utah,UT,2021,10%,"316,980",NA,15%,8%,130%,27.70%,0.723,0.098,"93,050",55.00%,45.00%,5.40%,"27,304",7.40%,"23,598",$3.38 ,$19.69 ,"$189,317,000 "
49,Utah,UT,2022,12%,"414,510",NA,20%,11%,130%,25.10%,74.90%,15.40%,"143,140",50.00%,50.00%,7.60%,"43,200",6.80%,"19,700",$3.79 ,$23.52 ,"$295,670,000 "
50,Vermont,VT,2019,11%,"68,590",NA,NA,11%,185%,53.30%,0.467,0.137,"15,570",55.00%,45.00%,4.80%,"8,692",8.40%,"6,837",$3.60 ,$20.27 ,"$42,174,000 "
50,Vermont,VT,2020,9%,"56,010",NA,NA,9%,185%,62.70%,0.373,0.118,"13,610",67.00%,33.00%,4.60%,"8,115",9.40%,"7,766",$3.81 ,$20.23 ,"$34,373,000 "
50,Vermont,VT,2021,9%,"57,150",NA,NA,9%,185%,45.10%,0.549,0.103,"12,040",56.00%,44.00%,4.30%,"8,025",12.70%,"9,877",$3.98 ,$23.18 ,"$40,178,000 "
50,Vermont,VT,2022,12%,"75,410",NA,NA,11%,185%,42.80%,57.20%,14.70%,"16,670",56.00%,44.00%,6.30%,"12,300",13.20%,"10,100",$4.34 ,$26.91 ,"$61,558,000 "
51,Virginia,VA,2019,9%,"799,620",16%,13%,7%,130%,47.20%,0.528,0.114,"212,370",60.00%,40.00%,6.20%,"115,715",8.90%,"96,066",$3.17 ,$17.88 ,"$433,605,000 "
51,Virginia,VA,2020,8%,"658,470",17%,15%,5%,200%,70.60%,0.294,0.097,"182,170",75.00%,25.00%,5.80%,"114,304",7.80%,"80,347",$3.30 ,$17.50 ,"$349,523,000 "
51,Virginia,VA,2021,8%,"704,270",17%,12%,5%,200%,56.50%,0.435,0.088,"164,680",72.00%,28.00%,5.20%,"105,295",7.10%,"73,127",$3.64 ,$21.20 ,"$452,899,000 "
51,Virginia,VA,2022,11%,"963,980",21%,18%,8%,200%,52.20%,47.80%,13.60%,"252,480",67.00%,33.00%,8.20%,"162,700",8.30%,"91,700",$4.06 ,$25.19 ,"$736,687,000 "
53,Washington,WA,2019,10%,"790,050",22%,19%,10%,200%,61.20%,0.388,0.14,"232,080",58.00%,42.00%,6.20%,"90,979",9.70%,"107,613",$3.21 ,$18.09 ,"$433,418,000 "
53,Washington,WA,2020,9%,"638,210",21%,20%,7%,200%,69.10%,0.309,0.123,"203,430",67.00%,33.00%,4.60%,"76,935",7.80%,"70,957",$3.47 ,$18.44 ,"$357,002,000 "
53,Washington,WA,2021,9%,"688,170",21%,17%,7%,200%,53.50%,0.465,0.118,"197,550",62.00%,38.00%,3.70%,"65,137",6.90%,"59,549",$3.85 ,$22.43 ,"$468,219,000 "
53,Washington,WA,2022,12%,"891,960",26%,24%,10%,200%,48.30%,51.70%,15.70%,"257,580",55.00%,45.00%,4.50%,"77,900",9.10%,"87,500",$4.28 ,$26.54 ,"$718,014,000 "
54,West Virginia,WV,2019,14%,"242,180",22%,NA,14%,200%,67.50%,0.325,0.186,"66,780",72.00%,28.00%,9.90%,"48,748",15.00%,"33,784",$2.75 ,$15.52 ,"$113,985,000 "
54,West Virginia,WV,2020,12%,"217,690",22%,NA,12%,200%,73.30%,0.267,0.173,"63,070",77.00%,23.00%,9.30%,"47,025",14.00%,"29,405",$2.81 ,$14.92 ,"$98,523,000 "
54,West Virginia,WV,2021,12%,"208,720",22%,NA,12%,200%,61.60%,0.384,0.14,"50,680",78.00%,22.00%,10.20%,"53,687",14.10%,"28,594",$3.14 ,$18.29 ,"$115,771,000 "
54,West Virginia,WV,2022,15%,"266,370",27%,NA,14%,200%,59.00%,41.00%,21.00%,"73,650",73.00%,27.00%,11.50%,"60,500",12.00%,"25,500",$3.52 ,$21.81 ,"$176,204,000 "
55,Wisconsin,WI,2019,9%,"530,500",27%,21%,7%,200%,61.90%,0.381,0.145,"183,700",68.00%,32.00%,4.70%,"66,880",8.60%,"67,611",$2.90 ,$16.36 ,"$263,205,000 "
55,Wisconsin,WI,2020,7%,"415,400",27%,22%,5%,200%,75.90%,0.241,0.126,"160,890",82.00%,18.00%,6.40%,"91,187",9.20%,"76,927",$3.07 ,$16.28 ,"$205,161,000 "
55,Wisconsin,WI,2021,7%,"427,380",25%,17%,5%,200%,57.10%,0.429,0.111,"142,050",78.00%,22.00%,6.00%,"83,458",6.60%,"54,374",$3.48 ,$20.29 ,"$263,063,000 "
55,Wisconsin,WI,2022,11%,"617,790",30%,23%,8%,200%,51.40%,48.60%,16.50%,"204,750",67.00%,33.00%,6.00%,"84,700",10.70%,"83,000",$3.91 ,$24.23 ,"$453,996,000 "
56,Wyoming,WY,2019,12%,"67,750",NA,14%,12%,130%,40.50%,0.595,0.146,"19,530",58.00%,42.00%,5.70%,"7,685",9.40%,"6,671",$3.12 ,$17.60 ,"$36,177,000 "
56,Wyoming,WY,2020,10%,"59,570",NA,14%,10%,130%,45.70%,0.543,0.129,"17,390",68.00%,32.00%,8.20%,"11,592",8.70%,"5,868",$3.13 ,$16.64 ,"$30,065,000 "
56,Wyoming,WY,2021,11%,"61,200",NA,11%,10%,130%,35.40%,0.646,0.122,"16,100",65.00%,35.00%,7.30%,"10,890",7.60%,"4,923",$3.50 ,$20.37 ,"$37,813,000 "
56,Wyoming,WY,2022,14%,"83,780",NA,18%,12%,130%,33.30%,66.70%,19.40%,"25,140",57.00%,43.00%,7.60%,"11,400",10.50%,"7,100",$3.90 ,$24.17 ,"$61,418,000 "